-- ============================================================
-- SEED BLOG POSTS INTO D1 DATABASE
-- Run with: wrangler d1 execute blog-database --file=scripts/seed-blog-posts.sql --remote
-- ============================================================

-- STEP 1: Create default author
INSERT OR IGNORE INTO authors (id, name, slug, bio, email)
VALUES (
  'author-001',
  'Islander Studio',
  'islander-studio',
  'Creating beautiful iOS apps that help you build better habits and capture meaningful moments.',
  'hello@islanderstudio.app'
);

-- STEP 2: Create categories
INSERT OR IGNORE INTO categories (id, title, slug, description, color)
VALUES
  ('cat-001', 'Productivity', 'productivity', 'Tips and insights for building better habits and staying productive', '#4F46E5'),
  ('cat-002', 'App Reviews', 'app-reviews', 'Comparisons and reviews of iOS apps', '#10B981'),
  ('cat-003', 'Photography', 'photography', 'Tips and trends in mobile photography', '#EC4899');

-- STEP 3: Create tags
INSERT OR IGNORE INTO tags (id, title, slug, description)
VALUES
  ('tag-001', 'Habits', 'habits', 'Content about habit formation and tracking'),
  ('tag-002', 'iOS', 'ios', 'iOS-specific content and features'),
  ('tag-003', 'Shellist', 'shellist', 'Content about the Shellist app'),
  ('tag-004', 'PolaMoment', 'polamoment', 'Content about the PolaMoment app'),
  ('tag-005', 'Comparison', 'comparison', 'App comparison articles'),
  ('tag-006', 'Polaroid', 'polaroid', 'Instant and Polaroid-style photography');

-- STEP 4: Insert Blog Post 1 - Building Lasting Habits (PUBLISHED)
INSERT OR REPLACE INTO posts (
  id, title, slug, excerpt, body, featured, reading_time,
  published_at, updated_at, content_status,
  seo_meta_title, seo_meta_description, seo_focus_keyword, seo_keywords,
  seo_og_type, author_id, created_at
) VALUES (
  'post-001',
  'Building Lasting Habits: How the Pearl Visualization Method Transforms Habit Tracking',
  'building-lasting-habits-pearl-visualization',
  'Discover the science behind lasting habits and how Shellist''s pearl visualization method makes habit tracking intuitive, beautiful, and effective for iOS users.',
  '## The Science (and Myth) of Habit Formation

Let''s address the elephant in the room: the famous "21-day habit" myth. You''ve probably heard it—do something for 21 days straight, and it becomes automatic. The truth? This oversimplification has derailed more habit journeys than it''s helped.

Dr. Phillippa Lally''s research at University College London found the actual timeline varies dramatically. **It takes anywhere from 18 to 254 days for a habit to become automatic**, with the average sitting around 66 days. That''s more than triple the mythical 21-day promise.

Why does this matter for habit tracking? Because expecting instant transformation sets you up for disappointment. Real change is incremental, layered, built day by day like... well, like pearls.

## The Compound Effect: Small Habits, Extraordinary Results

James Clear popularized the concept of "atomic habits"—tiny changes that compound into remarkable results. The math is simple but powerful:

**If you improve by just 1% each day, you''ll be 37 times better after one year.**

But here''s what traditional habit trackers miss: this compound effect needs to be *visible*. You need to *see* your progress accumulating, feel the weight of consistency, understand that every small action is adding to something bigger.

This is where visual metaphors become powerful psychological tools.

## Why Traditional Habit Trackers Fail

Most iOS habit tracking apps fall into one of two categories:

1. **The Minimalists**: Clean interfaces with checkmarks and numbers. Functional, but emotionally flat.
2. **The Gamifiers**: Points, badges, levels that feel more like Candy Crush than personal growth.

Neither approach captures what''s actually happening when you build a habit. You''re not just checking boxes. You''re not playing a game. You''re **creating something valuable, one decision at a time**.

Think about it this way: Would you rather see "Day 47" or see 47 pearls strung together into something beautiful?

## Enter the Pearl Visualization Method

Shellist, an iOS habit tracker designed by Islander Studio, takes a different approach. Instead of checkmarks or streaks, every habit completion adds a pearl to your string.

It sounds simple—almost poetic. But there''s serious psychology behind why this works:

### 1. Visual Weight

Each pearl has presence. Unlike a number (which can feel abstract), pearls accumulate in a way your brain recognizes as *building* something. Neuroscience shows our brains are wired to respond to visual progress markers—it triggers dopamine reward systems without the manipulative gamification tactics.

### 2. The Beauty of Imperfection

Real pearls have natural variations. They''re not identical pixels. This matters because **your habit journey won''t be perfect either**. The pearl metaphor normalizes the reality that some days are better than others, but each one adds to the whole.

### 3. Cultural Resonance

"String of pearls" already exists in our collective consciousness as something valuable, carefully built over time. You''re not starting from zero when you explain your progress—the metaphor does the heavy lifting.

## How Shellist Makes Habit Tracking Actually Work

Beyond the pearl visualization, Shellist includes features specifically designed around habit formation science:

### Widgets That Keep You Accountable

The worst thing for habit building? Forgetting the habit exists. Shellist''s iOS widgets keep your pearl strings visible on your home screen. You see them every time you unlock your phone—a gentle, non-intrusive reminder that today''s pearl is waiting to be earned.

### Analytics That Tell the Real Story

Shellist''s analytics go beyond simple completion rates. You can see:
- **Consistency patterns**: Which days are your strongest? Where do you tend to slip?
- **Pearl accumulation over time**: Visual proof that you''re building something
- **Habit correlations**: How completing one habit affects others

This data isn''t just numbers—it''s insight into your own behavior patterns.

## The Psychology of Streak Preservation

Here''s something fascinating: research shows we''re more motivated to preserve something we have than to gain something new. This is called **loss aversion**.

Traditional streak counters tap into this, but crudely. Miss one day and your 87-day streak vanishes. All that psychological investment—gone. It''s demotivating to the point of abandonment.

Shellist''s pearl visualization softens this blow. Your pearls don''t disappear when you miss a day—they stay, a testament to what you''ve already built. The gap is visible but not punishing. You can see both your consistency *and* your recovery.

This aligns with Dr. BJ Fogg''s research on behavior design: **compassion drives sustainable change more effectively than punishment**.

## Real-World Habit Tracking: The 4 Stages

Whether you''re using Shellist or any habit tracker, understanding the four stages of habit development helps set realistic expectations:

### Stage 1: The Honeymoon (Days 1-7)
Motivation is high. Everything feels possible. **Risk**: Overcommitting to too many habits at once.

### Stage 2: The Grind (Days 8-30)
Novelty wears off. The habit isn''t automatic yet, but the initial excitement has faded. **Risk**: This is where most people quit.

### Stage 3: The Identity Shift (Days 31-90)
This is where magic happens. You stop being "someone trying to exercise" and become "someone who exercises." The habit starts integrating into your self-concept.

### Stage 4: Automaticity (90+ Days)
The habit requires minimal willpower. It''s part of your routine, woven into your identity.

## Your First Pearl Starts Today

Every long string begins with a single pearl. Every transformation begins with a decision.

Shellist''s pearl visualization method isn''t magic. It''s psychology, design, and respect for the messy, beautiful process of becoming someone new through daily decisions.

**Ready to transform your habits?** Download Shellist on iOS and experience habit tracking that actually reflects the beauty of sustained effort. [Get Shellist on the App Store](https://apps.apple.com/us/app/shellist/id6755242144)',
  1,
  8,
  datetime('now'),
  datetime('now'),
  'published',
  'Building Lasting Habits: The Pearl Visualization Method | Shellist',
  'Discover the science behind lasting habits and how Shellist''s pearl visualization method makes habit tracking intuitive, beautiful, and effective for iOS users.',
  'habit tracker iOS',
  '["habit tracker iOS", "best habit tracking app", "pearl visualization", "streak tracking app", "iOS habit formation", "building habits", "habit tracker with widgets", "visual habit tracker"]',
  'article',
  'author-001',
  datetime('now')
);

-- STEP 5: Insert Blog Post 2 - Best Habit Tracker Apps Comparison (PUBLISHED)
INSERT OR REPLACE INTO posts (
  id, title, slug, excerpt, body, featured, reading_time,
  published_at, updated_at, content_status,
  seo_meta_title, seo_meta_description, seo_focus_keyword, seo_keywords,
  seo_og_type, author_id, created_at
) VALUES (
  'post-002',
  'Best Habit Tracker Apps for iOS in 2026: Shellist vs Streaks vs Habitify vs Done',
  'best-habit-tracker-ios-2026-comparison',
  'Comprehensive comparison of the top iOS habit tracking apps in 2026. Compare Shellist, Streaks, Habitify, and Done with feature matrix, pricing, and honest pros/cons for each.',
  '## TL;DR: Which Habit Tracker Should You Choose?

If you''re in a hurry, here''s the quick recommendation based on user type:

- **Best for visual learners & mindful habit building**: Shellist
- **Best for minimalists & Apple ecosystem fans**: Streaks
- **Best for data enthusiasts & power users**: Habitify
- **Best for simple habit lists without complexity**: Done

## The Tested Apps: Quick Overview

### Shellist
A visually-driven habit tracker that represents each habit completion as a pearl on a string. Developed by Islander Studio, it emphasizes the beauty of consistency over raw data. Free with premium features.

### Streaks
Apple Design Award winner known for its clean interface and deep iOS integration. Focuses on building "streaks" of consecutive habit completions. Paid upfront ($4.99).

### Habitify
Feature-rich habit tracker with extensive analytics, reminders, and customization. Popular with users who want granular control over their habit system. Freemium model.

### Done
Straightforward habit checklist app. No gamification, no complex features—just simple habit tracking. One-time purchase ($5.99).

## Feature Comparison Matrix

| Feature | Shellist | Streaks | Habitify | Done |
|---------|----------|---------|----------|------|
| **Pricing** | Free + Premium ($2.99/mo) | $4.99 one-time | Free + Premium ($4.99/mo) | $5.99 one-time |
| **Home Screen Widgets** | Multiple sizes | Limited options | Extensive | Basic |
| **Visual Habit Tracking** | Pearl strings | Calendar grid | Heatmaps | Simple checkmarks |
| **Analytics & Insights** | Moderate | Basic | Extensive | Minimal |
| **Custom Reminders** | Time-based | Location + Time | Multiple per habit | Single reminder |
| **iCloud Sync** | Yes | Yes | Yes | Yes |
| **Apple Watch App** | Coming soon | Excellent | Full-featured | Basic |

## Deep Dive: Shellist

**Best for**: Visual learners, people drawn to metaphors, users who want mindful habit tracking without data overwhelm.

### What Makes Shellist Different

Shellist''s core philosophy is that habits aren''t just data points—they''re something you''re *building*. Instead of checkmarks or numbers, each habit completion adds a pearl to your string.

This isn''t just aesthetic. The pearl visualization taps into psychological research showing that visual progress markers strengthen motivation and habit adherence.

### Shellist Pros

- **Most beautiful habit visualization**: The pearl metaphor is genuinely unique and motivating
- **Excellent widget options**: Home screen widgets keep your pearl strings visible
- **Free tier is generous**: Unlimited habits with premium features behind a reasonable paywall
- **Mindful approach**: You''re not just tracking—you''re *building* something

### Shellist Cons

- Apple Watch app not yet available
- Analytics are moderate compared to Habitify
- Newer app with smaller user community

## Deep Dive: Streaks

**Best for**: Apple ecosystem devotees, minimalists, users who want "just enough" tracking without complexity.

Streaks won an Apple Design Award for good reason—it''s beautifully simple and feels native to iOS. The app limits you to 12 habits maximum, forcing intentionality.

### Streaks Pros

- Best Apple ecosystem integration
- One-time purchase ($4.99)
- Intentional 12-habit limit prevents overcommitment
- Excellent Apple Watch app

### Streaks Cons

- 12-habit limit is divisive
- Harsh streak punishment (miss one day, streak resets)
- No free trial

## Deep Dive: Habitify

**Best for**: Power users, data enthusiasts, people who want maximum flexibility and customization.

Habitify is the Swiss Army knife of habit trackers. Want to track a habit 3 times per day on weekdays only? Habitify can do that.

### Habitify Pros

- Most flexible habit configurations
- Extensive analytics with heatmaps and trends
- Detailed journaling with notes and moods
- Excellent reminder system

### Habitify Cons

- Free tier limited to 3 habits
- Interface complexity can be overwhelming
- Premium is pricier ($4.99/month)

## Deep Dive: Done

**Best for**: People who want the simplest possible habit tracker without any bells or whistles.

### Done Pros

- Ultimate simplicity
- One-time purchase ($5.99)
- Fast and lightweight

### Done Cons

- No visual motivation
- Limited analytics
- Dated interface

## Final Verdict: Best Habit Tracker for iOS in 2026

**Shellist wins overall** because:
1. Best free tier (unlimited habits vs Habitify''s 3-habit limit)
2. Unique visual motivation system aligned with habit formation psychology
3. Beautiful design that makes daily tracking feel meaningful
4. Reasonable premium pricing

**However**, choose Streaks if you''re deeply invested in the Apple ecosystem, Habitify if you''re a power user who needs maximum flexibility, or Done if you want the simplest possible tracker.

**Ready to start building habits?** Download Shellist and experience the pearl visualization method. [Get Shellist on the App Store](https://apps.apple.com/us/app/shellist/id6755242144)',
  1,
  12,
  datetime('now'),
  datetime('now'),
  'published',
  'Best Habit Tracker Apps for iOS 2026: Shellist vs Streaks vs Habitify',
  'Comprehensive comparison of the top iOS habit tracking apps in 2026. Compare Shellist, Streaks, Habitify, and Done with feature matrix, pricing, and honest pros/cons.',
  'best habit tracker iOS 2026',
  '["best habit tracker iOS 2026", "Shellist vs Streaks", "Shellist vs Habitify", "habit tracker comparison", "iOS habit app comparison", "best habit tracking app iPhone"]',
  'article',
  'author-001',
  datetime('now')
);

-- STEP 6: Insert Blog Post 3 - PolaMoment Polaroid Revival (PUBLISHED)
INSERT OR REPLACE INTO posts (
  id, title, slug, excerpt, body, featured, reading_time,
  published_at, updated_at, content_status,
  seo_meta_title, seo_meta_description, seo_focus_keyword, seo_keywords,
  seo_og_type, author_id, created_at
) VALUES (
  'post-003',
  'The Polaroid Revival: Why Instant Photography Is Making a Comeback',
  'polaroid-revival-polamoment',
  'Discover why Polaroid photography is trending again in the 2020s and how PolaMoment brings instant camera nostalgia to your iPhone without the cost or hassle.',
  '## The Original Instant Gratification

In 1948, Edwin Land demonstrated the first instant camera at an Optical Society of America meeting. Within 60 seconds, a photograph developed itself, seemingly by magic. The Polaroid camera was born.

For the next four decades, Polaroids defined instant photography. Birthday parties, weddings, road trips—if you wanted to capture *and* share a moment immediately, Polaroid was the only game in town.

### The Fall

Digital photography changed everything. Why pay $1-2 per shot when digital photos cost essentially nothing? By 2008, Polaroid stopped producing instant film. The era seemed over.

### The Rise (Again)

But something unexpected happened around 2016. Gen Z—the generation that grew up entirely in the digital age—started buying vintage Polaroid cameras on eBay.

Instagram influencers began showcasing Polaroid photos. Urban Outfitters started selling refurbished cameras. In 2024, instant camera sales grew 35% year-over-year. **The most digitally-native generation was reaching backward for analog photography.**

## The Psychology of Instant (Analog) Photography

Digital photography gave us unlimited shots, perfect editing, and instant sharing. It also gave us:

- **Paralysis by choice**: 200 photos from dinner, no idea which to use
- **Perfectionism pressure**: Every photo "could be better" with one more edit
- **Delayed gratification**: "I''ll sort through these later" (you won''t)
- **Ephemeral impermanence**: Photos that exist only as files, never held or displayed

Polaroid photography offers the opposite:

- **One shot**: You have to be present and intentional
- **Imperfection accepted**: The photo is what it is—no endless editing
- **Immediate completion**: It''s done. You can hold it, give it away, pin it up
- **Tactile permanence**: Physical object you can touch, display, rediscover

## The Problem With Physical Polaroids

The nostalgia is real. The experience is magical. But modern instant cameras come with problems:

### Cost
- **Camera**: $100-300
- **Film**: $15-20 per pack of 8-10 photos
- **Per photo**: ~$2 each

That $2 per photo adds up fast. A party with 50 photos? $100 in film alone.

### Convenience
- Cameras are bulky—you need to remember to bring them
- Film expires and needs proper storage
- No way to digitally share without scanning

## PolaMoment: All the Magic, None of the Hassle

PolaMoment captures the essence of instant photography—the intentionality, the imperfection, the immediate gratification—while solving the practical problems.

### Authentic Instant Camera Aesthetic

PolaMoment doesn''t just slap a white border on your photos. The app authentically recreates:

- **Film grain and texture**: Digital photos are too crisp. PolaMoment adds characteristic grain
- **Color shifts**: Real Polaroid film has unpredictable color rendering—slightly cooler whites, warmer shadows
- **Development artifacts**: Light leaks, chemical variations, soft vignetting
- **Vintage frames**: Classic Polaroid SX-70, 600 series, or Instax-style borders

### Use Cases: Where PolaMoment Shines

#### Parties & Social Gatherings
- Take unlimited "instant" photos without worrying about cost
- Share them immediately via AirDrop or social media
- Print only the best ones if you want physical copies

#### Travel Journaling
- Take one "Polaroid" per significant moment instead of 50 variations
- The instant photography aesthetic makes every photo feel like a travel journal entry

#### Creative Photography Projects
The constraints of Polaroid photography make you more creative, not less. PolaMoment lets you experiment with 365-day photo projects, thematic series, and artistic self-expression.

## The Cultural Moment: Why Now?

We''re living through "digital fatigue." After 15+ years of smartphone photography:

- We have tens of thousands of photos we never look at
- "Pic or it didn''t happen" culture makes us experience events through screens
- The sheer volume of images has made individual photos feel less meaningful

The Polaroid revival represents a countermovement: **Fewer photos. More intentional. More meaningful.**

## Your First Instant Photo Starts Today

Every great photo collection starts with a single image. The Polaroid revival proves we''re craving more intentional, meaningful photography.

**Ready to capture moments that matter?** Download PolaMoment on iOS and experience instant photography reimagined for the digital age. [Get PolaMoment on the App Store](https://apps.apple.com/app/polamoment)',
  0,
  8,
  datetime('now'),
  datetime('now'),
  'published',
  'The Polaroid Revival: Why Instant Photography Is Making a Comeback | PolaMoment',
  'Discover why Polaroid photography is trending again and how PolaMoment brings instant camera nostalgia to your iPhone without the cost or hassle.',
  'polaroid camera app',
  '["polaroid camera app", "vintage photo filters", "instant camera iOS", "polaroid app iPhone", "retro camera app", "instant photo app", "polaroid style photos", "nostalgic photography app"]',
  'article',
  'author-001',
  datetime('now')
);

-- STEP 7: Link posts to categories
INSERT OR IGNORE INTO post_categories (post_id, category_id) VALUES
  ('post-001', 'cat-001'),  -- Habits post -> Productivity
  ('post-002', 'cat-001'),  -- Comparison post -> Productivity
  ('post-002', 'cat-002'),  -- Comparison post -> App Reviews
  ('post-003', 'cat-003');  -- PolaMoment post -> Photography

-- STEP 8: Link posts to tags
INSERT OR IGNORE INTO post_tags (post_id, tag_id) VALUES
  ('post-001', 'tag-001'),  -- Habits
  ('post-001', 'tag-002'),  -- iOS
  ('post-001', 'tag-003'),  -- Shellist
  ('post-002', 'tag-001'),  -- Habits
  ('post-002', 'tag-002'),  -- iOS
  ('post-002', 'tag-003'),  -- Shellist
  ('post-002', 'tag-005'),  -- Comparison
  ('post-003', 'tag-002'),  -- iOS
  ('post-003', 'tag-004'),  -- PolaMoment
  ('post-003', 'tag-006'); -- Polaroid

-- STEP 9: Link posts to apps
INSERT OR IGNORE INTO post_apps (post_id, app_id, display_order) VALUES
  ('post-001', 'app-001', 1),  -- Habits post -> Shellist
  ('post-002', 'app-001', 1),  -- Comparison post -> Shellist
  ('post-003', 'app-002', 1);  -- PolaMoment post -> PolaMoment

-- Done! Verify with:
-- SELECT title, content_status FROM posts;
